"Latitude","Mean","CI_lower","CI_upper"
30,NA,NA,NA
29.95,NA,NA,NA
29.9,NA,NA,NA
29.85,NA,NA,NA
29.8,NA,NA,NA
29.75,NA,NA,NA
29.7,NA,NA,NA
29.65,NA,NA,NA
29.6,NA,NA,NA
29.55,NA,NA,NA
29.5,NA,NA,NA
29.45,NA,NA,NA
29.4,NA,NA,NA
29.35,9.95788454321714,7.47532323100868,12.4404458554256
29.3,8.99178563803434,6.91604847839417,11.0675227976745
29.25,10.1042857103202,7.80988530751133,12.398686113129
29.2,8.8941935446534,7.25646559318002,10.5319214961268
29.15,9.15666665310661,7.11366781779289,11.1996654884203
29.1,13.8280001449585,10.5834572973774,17.0725429925396
29.05,9.41879993639886,6.77349114345844,12.0641087293393
29,10.2672727094455,7.62385903662839,12.9106863822626
28.95,11.3859323222758,8.34706509437592,14.4247995501758
28.9,8.48049998283386,6.56409607052344,10.3969038951443
28.85,11.0613043343891,8.15168832157207,13.9709203472062
28.8,8.81285719928287,5.69843496475845,11.9272794338073
28.75,8.25325575886771,5.75573348840652,10.7507780293289
28.7,8.6178787955732,5.66291768197892,11.5728399091675
28.65,8.26666669547558,5.72631521269102,10.8070181782601
28.6,7.23679996609688,5.15854098416424,9.31505894802951
28.55,8.19117655035327,5.93293029099568,10.4494228097109
28.5,7.15769232064486,5.35736203404889,8.95802260724082
28.45,9.25433960838138,7.60571391457744,10.9029653021853
28.4,9.85285717390832,6.53484144167345,13.1708729061432
28.35,10.9827777212141,8.40978620399882,13.5557692384293
28.3,8.24153850323115,5.62009146353718,10.8629855429251
28.25,9.36250004392456,6.5263778056172,12.1986222822319
28.2,9.38794871343252,7.38756443653072,11.3883329903343
28.15,11.3732500384096,7.38188827978632,15.3646117970329
28.1,8.8483673724897,5.7310031740324,11.965731570947
28.05,10.1565305687943,7.30965739937466,13.003403738214
28,11.4737500219295,8.94437013372355,14.0031299101355
27.95,8.3449999959423,6.35976560579219,10.3302343860924
27.9,12.0902001130581,9.03497658077432,15.1454236453419
27.85,9.56512192436835,6.7184061897835,12.4118376589532
27.8,9.11326086100029,6.54788125271353,11.678640469287
27.75,7.89000001721084,5.8793785199042,9.90062151451748
27.7,9.94859652351915,7.85317167290697,12.0440213741313
27.65,7.13794872164726,5.3031536454542,8.97274379784033
27.6,12.3365306489322,7.74760385053867,16.9254574473257
27.55,10.8253448277326,8.20839046431341,13.4422991911519
27.5,13.5738461262618,10.5422087991025,16.6054834534212
27.45,12.230615366193,9.60274234948754,14.8584883828984
27.4,11.3184482462961,7.901641424763,14.7352550678292
27.35,11.733787876187,8.91459370749219,14.5529820448817
27.3,9.98439394750379,7.36250340869073,12.6062844863168
27.25,10.8435210950778,8.29755170022935,13.3894904899262
27.2,8.59855262837127,6.55524028860955,10.641864968133
27.15,8.65122449398041,6.00906205316059,11.2933869348002
27.1,10.7265714211123,8.16819615554434,13.2849466866803
27.05,9.62785714432331,7.47504175869183,11.7806725299548
27,11.7222222118742,9.27593620392718,14.1685082198212
26.95,10.2810000469287,8.1181272542324,12.443872839625
26.9,13.295282933123,9.95574549603312,16.6348203702128
26.85,13.3608197608932,10.9334709366965,15.7881685850899
26.8,11.737091008777,8.90394535542983,14.5702366621241
26.75,8.47552238271308,6.59591333701638,10.3551314284098
26.7,12.8947142486061,10.508663504688,15.2807649925243
26.65,10.2672881975265,6.66421129394471,13.8703651011083
26.6,12.6493939468355,10.1472328011844,15.1515550924866
26.55,9.97689648178117,7.60760726899346,12.3461856945689
26.5,11.7681013038264,9.57841946990816,13.9577831377447
26.45,13.0955932135299,10.3140013734229,15.8771850536369
26.4,10.3348436849192,7.95965684374737,12.710030526091
26.35,15.1443333114187,12.0502734541928,18.2383931686446
26.3,12.594032262482,9.80400781858354,15.3840567063804
26.25,10.9250768810511,8.31151865825719,13.5386351038449
26.2,11.833898239848,9.39594635683736,14.2718501228586
26.15,10.9709803894454,8.56748760488295,13.3744731740079
26.1,12.3729091820392,9.51417143311179,15.2316469309666
26.05,14.0350725003991,11.2153458224762,16.8547991783219
26,9.82220582291484,7.78030569552432,11.8641059503054
25.95,9.22021282119479,6.56787268867686,11.8725529537127
25.9,9.95596777620695,7.33054229042591,12.581393261988
25.85,10.7270769551396,7.89492629369665,13.5592276165826
25.8,9.62695116495213,7.60362646490183,11.6502758650024
25.75,10.5320894642552,8.17685696557923,12.8873219629312
25.7,8.72715912433341,7.2484866828059,10.2058315658609
25.65,9.60378785973245,6.96559829288546,12.2419774265794
25.6,8.52959461308815,6.82777910202517,10.2314101241511
25.55,9.08014094241908,6.69255448840789,11.4677273964303
25.5,9.97444446256131,8.10649484755258,11.84239407757
25.45,11.3178846178433,9.58193770921055,13.0538315264761
25.4,10.5563854674349,8.45515127125154,12.6576196636182
25.35,11.0860759638533,8.87691543041093,13.2952364972956
25.3,9.79425000809133,7.84885071356632,11.7396493026163
25.25,8.6806578617543,6.82016268596031,10.5411530375483
25.2,9.09555556767701,7.62165120681786,10.5694599285361
25.15,8.16436616803559,6.25557816462214,10.073154171449
25.1,10.4244943425227,8.57295989874496,12.2760287863004
25.05,12.5687142499856,9.77838304730178,15.3590454526693
25,8.43136363295895,6.71587420816494,10.146853057753
24.95,9.73166671064165,7.47685875750644,11.9864746637769
24.9,10.8977940194857,8.92635605033872,12.8692319886326
24.85,11.6344826695798,9.29573532639138,13.9732300127683
24.8,8.24709090969779,6.5779052718875,9.91627654750809
24.75,10.1329166587028,8.08109415647173,12.1847391609339
24.7,10.7736618913395,8.47020651370616,13.0771172689729
24.65,12.8607936153809,8.41273444756593,17.3088527831959
24.6,9.74402777146962,7.95690911657566,11.5311464263636
24.55,10.3549205561183,8.21186483444925,12.4979762777874
24.5,10.5227848308373,8.4042328723102,12.6413367893644
24.45,9.90421684571059,8.22281400014964,11.5856196912715
24.4,12.7277906963298,9.85926423265969,15.59631716
24.35,9.88011763963629,8.21067012466695,11.5495651546056
24.3,9.68827584773388,8.07760648596548,11.2989452095023
24.25,8.78979379975612,7.36350972652939,10.2160778729828
24.2,10.835339831767,9.29786737365053,12.3728122898835
24.15,12.7953246762226,10.285939534471,15.3047098179742
24.1,11.6841489260501,9.53068755542763,13.8376102966726
24.05,9.92109760751085,8.11295151072234,11.7292437042993
24,12.0239604355233,9.60097984552478,14.4469410255217
23.95,12.4678898656724,10.067450785429,14.8683289459157
23.9,8.37013695664602,7.08941611568976,9.65085779760228
23.85,9.15381441472732,7.30226042009122,11.0053684093634
23.8,9.26717389164412,7.50047588031625,11.033871902972
23.75,7.65978496818132,6.30731101762611,9.01225891873653
23.7,8.90442621439207,7.80492924543328,10.0039231833509
23.65,8.86488370354786,7.60471364794554,10.1250537591502
23.6,9.99374999312891,8.70238775998722,11.2851122262706
23.55,9.67570091268727,8.01149099569413,11.3399108296804
23.5,9.66700000356544,8.02019930328943,11.3138007038415
23.45,10.5294444433379,8.75817614748687,12.3007127391889
23.4,10.3470191822316,8.60830078476895,12.0857375796942
23.35,8.64763158556532,7.15566466084272,10.1395985102879
23.3,7.57147819820953,6.04879932498056,9.09415707143851
23.25,9.48626261603351,7.8864258449198,11.0860993871472
23.2,9.0155555642765,7.37343640618661,10.6576747223664
23.15,10.2019417993001,8.23412070533286,12.1697628932673
23.1,10.3350458349349,8.66254528922312,12.0075463806467
23.05,7.8101723949457,6.70545956010238,8.91488522978903
23,8.19424240385192,6.71119236923936,9.67729243846447
22.95,8.71469231474285,7.55582190131286,9.87356272817284
22.9,9.2013953295789,7.72498444967074,10.6778062094871
22.85,9.43194246635162,7.97341650862001,10.8904684240832
22.8,8.63429530776237,7.39860792499773,9.86998269052701
22.75,8.03389263061819,6.5914578002156,9.47632746102077
22.7,10.0148366046156,8.5748245004205,11.4548487088108
22.65,8.96912407948479,7.57694905930398,10.3612990996656
22.6,8.6889599685669,7.29355115200271,10.0843687851311
22.55,8.87848738242848,7.48161095795402,10.275363806903
22.5,8.67991229349322,7.2075482416212,10.1522763453652
22.45,9.87056737229334,8.20058915476671,11.54054558982
22.4,8.9962500010022,7.4296136019152,10.5628864000892
22.35,9.16310604808457,7.64686606776757,10.6793460284016
22.3,8.70601940357569,7.10449721657683,10.3075415905746
22.25,7.10245094521373,6.00108804966358,8.20381384076388
22.2,9.44978492426616,7.75312824398212,11.1464416045502
22.15,9.87336203308198,8.25111170814631,11.4956123580176
22.1,8.65513274126348,7.2485134315684,10.0617520509586
22.05,8.15489586213759,6.54822466926969,9.76156705500549
22,7.12207206922609,5.78722851025636,8.45691562819581
21.95,8.67018863653659,6.95700216858523,10.383375104488
21.9,8.36745618697125,6.69427438571384,10.0406379882287
21.85,7.67776924042174,6.21679240914735,9.13874607169613
21.8,7.50437034954903,6.40413605835524,8.60460464074282
21.75,6.74123891670488,5.52821107718491,7.95426675622484
21.7,7.01262714846407,5.90714411282831,8.11811018409983
21.65,9.89581635700805,8.35752015033925,11.4341125636768
21.6,8.55015382589056,7.22294115528325,9.87736649649787
21.55,7.86169233207519,6.70739903406573,9.01598563008465
21.5,6.40339625584629,5.13246442049192,7.67432809120067
21.45,7.8000793477136,6.6476386254799,8.95252006994729
21.4,7.95592311602086,6.62651408385297,9.28533214818875
21.35,9.05183202861488,7.64928579028051,10.4543782669493
21.3,6.39852714018766,5.24365926107875,7.55339501929657
21.25,8.13302158408885,6.66091840931614,9.60512475886157
21.2,7.8156409812136,6.48940832573483,9.14187363669237
21.15,7.83933887094998,6.31783056259678,9.36084717930319
21.1,7.71496451944641,6.48113523499989,8.94879380389292
21.05,7.72209301515836,6.19918633807168,9.24499969224505
21,7.83348485985489,6.30628042998104,9.36068928972874
20.95,8.06272727137601,6.6146826903557,9.51077185239632
20.9,7.1954687651305,5.82837846226731,8.56255906799369
20.85,7.95581968751598,6.47981819956306,9.4318211754689
20.8,7.58936619797958,6.18631498613094,8.99241740982821
20.75,8.18413536906018,6.74285866144659,9.62541207667377
20.7,7.74388888830113,6.4909524059995,8.99682537060275
20.65,8.30414414370584,6.87227051362249,9.73601777378919
20.6,8.86745459762487,7.35261995307822,10.3822892421715
20.55,6.92716812261635,5.69511719907007,8.15921904616264
20.5,7.36483603889947,6.01455249175681,8.71511958604213
20.45,8.88052174225449,6.99398626922145,10.7670572152875
20.4,7.5667768541939,5.96839645695088,9.16515725143691
20.35,8.5810852793529,7.04334944697633,10.1188211117295
20.3,6.26298074533518,5.04429464097854,7.48166684969182
20.25,6.93707547846409,5.60460532130906,8.26954563561911
20.2,8.17175001790747,6.52577047544486,9.81772956037008
20.15,7.11923913119118,5.42870581661959,8.80977244576277
20.1,7.89807015979303,6.55905430638275,9.2370860132033
20.05,6.0949532680875,5.01618726492769,7.1737192712473
20,5.97955557988198,4.95316754669458,7.00594361306938
19.95,6.69902983861072,5.77232047820089,7.62573919902055
19.9,6.91078740804214,5.87617971976598,7.9453950963183
19.85,6.91149539089649,5.57512466765928,8.2478661141337
19.8,6.32154473904672,5.20945959773765,7.43362988035579
19.75,7.09682173183722,6.0092774882695,8.18436597540494
19.7,7.62517239330658,6.58948822845455,8.6608565581586
19.65,7.41196846692112,6.19141675259463,8.63252018124761
19.6,8.20507042991443,6.98981601502212,9.42032484480675
19.55,7.42114866756507,6.25637771796189,8.58591961716825
19.5,7.63552633295522,6.4621622589962,8.80889040691425
19.45,9.41720784503919,7.92065247118085,10.9137632188975
19.4,6.16119657332698,5.02804911677605,7.29434402987792
19.35,7.6794405459993,6.51317162729964,8.84570946469896
19.3,7.62294963176409,6.32695697270135,8.91894229082683
19.25,7.56260606648796,6.39672555485948,8.72848657811643
19.2,7.7994444348194,6.6771636044129,8.9217252652259
19.15,6.4435251925489,5.32738018771763,7.55967019738018
19.1,8.1582014499594,6.84268085797998,9.47372204193882
19.05,7.04589148050593,5.84337004743579,8.24841291357607
19,7.58276422933592,6.18980138484684,8.975727073825
18.95,7.09782947442502,5.96601421528607,8.22964473356396
18.9,7.97303274231123,6.27092755339877,9.67513793122369
18.85,9.45008412930144,6.15230854276162,12.7478597158413
18.8,8.5800757796052,6.18147471938072,10.9786768398297
18.75,6.86951047096115,5.77242079097973,7.96660015094257
18.7,7.86410076380205,6.56475298696463,9.16344854063947
18.65,7.88972730043936,5.82591068911088,9.95354391176785
18.6,7.39968153021661,6.20426133334304,8.59510172709017
18.55,6.2587401425158,5.28001347513013,7.23746680990146
18.5,5.93676255603167,4.99886155118905,6.87466356087429
18.45,7.16865673655672,6.08233837549979,8.25497509761365
18.4,6.55530866656314,5.37151084292285,7.73910649020344
18.35,7.67864130882789,6.59194489351721,8.76533772413857
18.3,7.16192089955685,5.68005377292739,8.64378802618631
18.25,7.68168751187623,6.15284969405316,9.21052532969929
18.2,6.53716870317662,5.56682115804647,7.50751624830677
18.15,6.64470970135543,5.50790571709079,7.78151368562007
18.1,7.20934130215717,6.18464803701392,8.23403456730041
18.05,6.39552941940287,5.41521949309539,7.37583934571034
18,6.2272856913507,5.03239049289513,7.42218088980627
17.95,8.22664554407702,6.84415044672219,9.60914064143184
17.9,6.37628574256918,5.17623898404926,7.57633250108911
17.85,7.9131756902773,6.64377283352467,9.18257854702994
17.8,8.85684212571696,7.0380959551778,10.6755882962561
17.75,7.01605841172111,5.81132410608755,8.22079271735468
17.7,8.09268112912558,6.71621917344323,9.46914308480794
17.65,7.43669813980331,5.92507036428917,8.94832591531744
17.6,7.94715598119645,6.55559701101743,9.33871495137547
17.55,7.46768591114251,6.18803826935189,8.74733355293312
17.5,8.03660384987323,6.40708076462419,9.66612693512226
17.45,7.99570097795157,6.4550847681898,9.53631718771333
17.4,8.73189656359369,7.138967752682,10.3248253745054
17.35,9.92904347816239,8.32385306951476,11.53423388681
17.3,7.99203393267373,6.66838663643637,9.31568122891108
17.25,9.37893937696054,7.72790176458884,11.0299769893322
17.2,8.87863012079201,7.39208075814439,10.3651794834396
17.15,8.20638462918309,6.72677093639589,9.68599832197029
17.1,8.51487013073517,7.45082669715992,9.57891356431042
17.05,8.15358619443301,6.92785806676571,9.37931432210031
17,9.40227270634337,8.09525858597316,10.7092868267136
16.95,7.55909087475051,6.34479542603731,8.7733863234637
16.9,8.13359706706816,6.71764038349845,9.54955375063788
16.85,9.54344818762921,8.08328750658852,11.0036088686699
16.8,9.9976514894092,8.24161115651271,11.7536918223057
16.75,8.29166666630449,6.81805746885715,9.76527586375183
16.7,10.7980644622697,8.95102341331571,12.6451055112238
16.65,8.20848741006701,6.83981864554642,9.5771561745876
16.6,8.0730508790683,6.4665599407936,9.67954181734299
16.55,8.20777776340644,6.79752660175271,9.61802892506016
16.5,7.85818188088861,6.02209988270156,9.69426387907567
16.45,8.06270488247764,6.62350167650228,9.50190808845299
16.4,9.74812504366855,7.74667900779249,11.7495710795446
16.35,10.57797752957,8.58773559854261,12.5682194605973
16.3,6.2814018900776,5.0726829981224,7.4901207820328
16.25,7.58585860798455,6.28145449930349,8.89026271666561
16.2,9.94718183428049,8.42469262915105,11.4696710394099
16.15,10.667169797779,8.48495670164801,12.8493828939099
16.1,9.63838712053914,7.75512056950797,11.5216536715703
16.05,9.4806060757902,7.60815693843076,11.3530552131496
16,9.04184461609253,7.26076558429103,10.822923647894
15.95,9.84888879747854,6.57904015695635,13.1187374380007
15.9,7.05249997191131,5.17977533539428,8.92522460842834
15.85,8.28887500474229,6.40277452811231,10.1749754813723
15.8,9.86637499793433,7.10082950102428,12.6319204948444
15.75,8.30532469007779,6.64363896821638,9.9670104119392
15.7,9.91725805930553,7.88290897172381,11.9516071468872
15.65,10.1746835925534,8.23166589825489,12.1177012868519
15.6,10.4498795282589,8.38604702346523,12.5137120330527
15.55,7.21878378173789,5.72215666503419,8.7154108984416
15.5,9.49425290593471,6.90984177543865,12.0786640364308
15.45,11.8562500659376,8.94830090612421,14.7641992257511
15.4,9.48630430083722,7.50787799150025,11.4647306101742
15.35,11.3425490122617,9.13054836101184,13.5545496635116
15.3,7.68755807077815,5.92728664284626,9.44782949871004
15.25,9.36489360712152,7.50897560785675,11.2208116063863
15.2,9.82284085579555,7.85933220981087,11.7863495017802
15.15,9.51629634311906,7.65562990121143,11.3769627850267
15.1,11.2766666410751,9.34058554675365,13.2127477353966
15.05,9.15566261361791,7.14894350063519,11.1623817266006
15,8.7338028147187,7.04219848409078,10.4254071453466
14.95,10.4481817934785,8.62999191945175,12.2663716675053
14.9,9.96576922401213,8.36967234963207,11.5618660983922
14.85,9.29979596221123,8.09253051797722,10.5070614064452
14.8,8.33977610926464,7.14527404508434,9.53427817344494
14.75,10.1920454828492,8.4171805486797,11.9669104170187
14.7,11.8109285937356,10.2781906564847,13.3436665309865
14.65,10.2512120863592,8.45765210129488,12.0447720714235
14.6,10.7628681760195,9.26388138319567,12.2618549688433
14.55,10.0929545020036,8.34379791793608,11.842111086071
14.5,9.35219515311888,7.69333571596967,11.0110545902681
14.45,8.53887640015128,7.51891487196531,9.55883792833724
14.4,8.53476439402756,7.4110482528692,9.65848053518591
14.35,8.80552302932203,7.63522001776154,9.97582604088253
14.3,8.43784033148571,7.30460580708083,9.57107485589059
14.25,8.91251231731819,7.28645079182824,10.5385738428081
14.2,7.57602871915227,6.65795393198255,8.494103506322
14.15,7.62525714571987,6.56301579617867,8.68749849526107
14.1,8.76787232810711,7.51636131673292,10.0193833394813
14.05,8.69182694517076,7.4752635275485,9.90839036279302
14,9.16657458564771,7.85983433276125,10.4733148385342
13.95,8.42833330520593,7.35166820464398,9.50499840576787
13.9,6.86034483862934,5.83568750465768,7.88500217260099
13.85,8.51237113781504,7.50788271678038,9.5168595588497
13.8,6.98535353005534,5.81519602099291,8.15551103911778
13.75,6.57426227849038,5.70040303080293,7.44812152617783
13.7,7.30818183635446,6.41178244486232,8.20458122784661
13.65,7.79502792560688,6.56599043584824,9.02406541536552
13.6,7.24428568923703,6.18796852142613,8.30060285704793
13.55,8.70956313642628,7.20837546041811,10.2107508124344
13.5,7.20201090442867,5.87045607405848,8.53356573479886
13.45,7.26859297569673,6.1483645426523,8.38882140874116
13.4,6.68765550087157,5.6867180916583,7.68859291008484
13.35,8.12869999134913,7.0066514480181,9.25074853468016
13.3,6.55560870280732,5.68148511107554,7.42973229453911
13.25,6.17954954906023,5.3788168139644,6.98028228415606
13.2,7.18568804215879,6.19196450348043,8.17941158083715
13.15,6.35379489801633,5.40154170621917,7.30604808981349
13.1,6.75941750546465,5.97559449331344,7.54324051761586
13.05,6.1863861500221,5.37899971048899,6.99377258955521
13,6.13292455207556,5.30668710002533,6.95916200412579
12.95,6.85513639355248,6.1019492348527,7.60832355225225
12.9,7.60757709390562,6.12618627386912,9.08896791394213
12.85,7.09999996560651,6.05347012837269,8.14652980284032
12.8,6.89907316305652,5.96602921238766,7.83211711372538
12.75,5.67984925652269,4.90680640082763,6.45289211221775
12.7,5.91464645053363,5.05182629251166,6.7774666085556
12.65,5.9053684066883,5.12042206502128,6.69031474835533
12.6,6.86148148077348,5.8784473052618,7.84451565628516
12.55,6.82375527976497,6.01414962046803,7.63336093906192
12.5,6.99535211221153,6.06127375316846,7.9294304712546
12.45,8.25266935679305,7.2896396985155,9.21569901507059
12.4,6.73866939570214,5.71229252357372,7.76504626783056
12.35,7.21952552186583,6.43354275746445,8.00550828626722
12.3,7.82076048698035,6.57213053157618,9.06939044238453
12.25,6.31748090256432,5.57272008908141,7.06224171604723
12.2,7.41861288748201,6.62707587098015,8.21014990398387
12.15,6.50811111200601,5.63125589111718,7.38496633289484
12.1,8.646886452705,7.52981336868717,9.76395953672283
12.05,7.17547243986073,6.32258341649185,8.02836146322961
12,7.15948803579823,6.28551412624701,8.03346194534944
11.95,7.19878453146975,6.48907876879494,7.90849029414455
11.9,6.27362276168685,5.60061873976581,6.94662678360789
11.85,6.94623228918666,6.24622697245146,7.64623760592185
11.8,6.82377095852443,6.10735354319455,7.54018837385431
11.75,6.6077165178016,6.01616603718111,7.19926699842208
11.7,7.03992000640929,6.3431337720788,7.73670624073977
11.65,6.97308822768905,6.21288568471825,7.73329077065984
11.6,7.40029569524491,6.75550455595904,8.04508683453077
11.55,6.74817103569588,6.1434537791735,7.35288829221826
11.5,6.75679010561679,6.16542226506703,7.34815794616655
11.45,6.75214287000487,6.15902919817075,7.34525654183898
11.4,7.1152853564944,6.32604573366132,7.90452497932747
11.35,7.63591647084171,6.91135396064479,8.36047898103863
11.3,6.49314287022411,5.90343511302977,7.08285062741845
11.25,7.15054280013779,6.37896101245439,7.92212458782119
11.2,7.27198689421191,6.56000239455538,7.98397139386845
11.15,6.6443875314448,5.99985025717307,7.28892480571653
11.1,5.98927765994692,5.47873646966564,6.49981885022821
11.05,6.14780821462405,5.55757068669136,6.73804574255673
11,5.45746103209549,5.00114881599051,5.91377324820047
10.95,5.68860869044843,5.22336650974444,6.15385087115241
10.9,5.27566448945252,4.8036067953366,5.74772218356843
10.85,5.13403049250963,4.72461702650578,5.54344395851348
10.8,5.07466387059618,4.61927201164092,5.53005572955145
10.75,5.2496946496953,4.80875148866232,5.69063781072827
10.7,6.00014733534108,5.53718719335052,6.46310747733163
10.65,6.17824597859515,5.60624637698371,6.75024558020658
10.6,5.71330811627674,5.23684629950531,6.18976993304817
10.55,5.22770751830514,4.76938715902857,5.68602787758171
10.5,5.09135941570379,4.66844335533923,5.51427547606835
10.45,5.82078994624985,5.34275829053066,6.29882160196905
10.4,5.20965517454306,4.73979352714433,5.67951682194179
10.35,5.68219231556599,5.20295352080756,6.16143111032442
10.3,4.80134000213444,4.38420827147276,5.21847173279612
10.25,4.86752987907183,4.43877467432174,5.29628508382192
10.2,5.65620552077005,5.1063331370941,6.20607790444601
10.15,5.48439918392834,4.87972623483017,6.08907213302651
10.1,5.33891347742131,4.88139915568775,5.79642779915487
10.05,4.86552209153128,4.38432993803506,5.34671424502751
10,5.31221994768654,4.82713938438651,5.79730051098657
9.95,5.54142856928147,5.09430974925514,5.98854738930779
9.9,4.75384946038886,4.32927632037162,5.1784226004061
9.85,5.40589691147055,4.9134672674662,5.89832655547489
9.8,4.84023012045896,4.38576693760148,5.29469330331643
9.75,5.02593428731822,4.60348371399106,5.44838486064538
9.7,5.4493988091854,5.00981588824657,5.88898173012422
9.65,4.9339699614873,4.47721612191687,5.39072380105772
9.6,5.60814892506583,5.04754009986639,6.16875775026527
9.55,5.34553334056503,4.83843406096739,5.85263262016266
9.5,4.88261339522207,4.37423380926253,5.3909929811816
9.45,5.41333334300025,4.91004600628856,5.91662067971193
9.4,5.42602879121333,4.90129017295161,5.95076740947506
9.35,5.60288461123425,5.06466642464997,6.14110279781854
9.3,5.27508163256381,4.77252312355876,5.77764014156886
9.25,5.41325629840629,4.88923947240157,5.937273124411
9.2,6.11976242415027,5.5586738197682,6.68085102853234
9.15,5.31326711694269,4.73048664688451,5.89604758700087
9.1,5.68271149820173,5.10775281702978,6.25767017937368
9.05,5.14764569809612,4.63571691529897,5.65957448089327
9,5.22903670322304,4.77379623970028,5.68427716674581
8.95,5.2733995418494,4.85258360308324,5.69421548061555
8.9,5.18292733150511,4.64646508419025,5.71938957881996
8.85,5.39949192045639,4.87054290030399,5.92844094060879
8.8,5.19034168530246,4.69459783060153,5.6860855400034
8.75,4.87294537684661,4.37881745594909,5.36707329774413
8.7,5.77613391337783,5.20694469522973,6.34532313152593
8.65,5.18207637152161,4.61551921913821,5.74863352390501
8.6,6.20292342703124,5.58628435953904,6.81956249452344
8.55,5.46407657478274,4.86198691547965,6.06616623408583
8.5,5.49075788619095,4.99672574078147,5.98479003160043
8.45,5.88161086413822,5.26109443850928,6.50212728976716
8.4,5.20848758736074,4.73129339772455,5.68568177699694
8.35,5.49863013615364,5.01672928990221,5.98053098240506
8.3,5.24757105454764,4.72154311817076,5.77359899092453
8.25,4.91336207682315,4.48684729032743,5.33987686331887
8.2,5.95338329329401,5.39037437351708,6.51639221307095
8.15,5.46654639049845,4.82099668681771,6.1120960941792
8.1,5.34409877621097,4.83179446921024,5.8564030832117
8.05,4.64162895677198,4.19838900133513,5.08486891220884
8,4.72183097254467,4.17374109172231,5.26992085336702
7.95,5.70326484272843,5.12628169302825,6.2802479924286
7.9,5.73167077592443,5.00472555452778,6.45861599732109
7.85,5.87177380806453,5.25285007516132,6.49069754096775
7.8,5.52802382172306,4.90779336689434,6.14825427655179
7.75,5.2655200017343,4.72524390651356,5.80579609695504
7.7,5.69219213160755,5.15291875076536,6.23146551244973
7.65,5.27019510861576,4.59525392820374,5.94513628902779
7.6,6.12486977964484,5.49284960571548,6.75688995357421
7.55,4.61814553805675,4.12819125335191,5.10809982276159
7.5,4.82844784619338,4.16064032017818,5.49625537220858
7.45,5.58791238376775,4.97997830896859,6.19584645856692
7.4,5.03321866009668,4.47318972003013,5.59324760016323
7.35,5.56482955166244,4.92703595632889,6.20262314699599
7.3,4.67754821548593,4.03547723874462,5.31961919222724
7.25,4.79873417813,4.18876471052696,5.40870364573304
7.2,6.01002855526016,5.27204995149918,6.74800715902115
7.15,5.35802984345538,4.61398607748829,6.10207360942247
7.1,6.00334238189616,5.32931807312658,6.67736669066575
7.05,6.15293150672255,5.38311226017426,6.92275075327085
7,5.79397552116952,5.02903544220868,6.55891560013036
6.95,6.35611859162783,5.64081356547223,7.07142361778342
6.9,6.65623529507941,5.80760923265349,7.50486135750534
6.85,5.82655785515218,5.19355091410138,6.45956479620299
6.8,6.44948719119245,5.59158735982558,7.30738702255933
6.75,5.62161192404692,4.8018676495242,6.44135619856963
6.7,5.79250711601683,5.13701998003132,6.44799425200234
6.65,5.49009318685054,4.78188020822176,6.19830616547933
6.6,5.59511628248217,4.85958082370633,6.33065174125802
6.55,6.0567218356439,5.20969725333063,6.90374641795716
6.5,7.11045454023406,6.13215187056254,8.08875720990558
6.45,6.79163582854685,5.87051428257062,7.71275737452309
6.4,6.84236560712524,5.89533348455739,7.7893977296931
6.35,7.28036668155962,6.34494025339033,8.21579310972891
6.3,7.55323719629683,6.56444601834744,8.54202837424623
6.25,7.11894736329313,6.15620576875991,8.08168895782635
6.2,7.75333332850252,6.87525232950291,8.63141432750213
6.15,7.14163822398453,6.17486761679886,8.10840883117021
6.1,6.54806249355314,5.79758722706576,7.29853776004052
6.05,5.92214046012498,5.13575557965055,6.70852534059941
6,6.18954543725723,5.28556334642349,7.09352752809097
5.95,7.14185315267006,6.23383356320651,8.04987274213362
5.9,5.81669014009556,5.0375964064313,6.59578387375982
5.85,7.20715789008037,6.27382712702326,8.14048865313748
5.8,6.17566928686942,4.94784686605632,7.40349170768251
5.75,5.8449469841951,5.06984262640087,6.62005134198932
5.7,7.07244525355607,6.19128257260184,7.9536079345103
5.65,6.51015871781707,5.62898178119767,7.39133565443648
5.6,6.5444852955749,5.75633672823765,7.33263386291214
5.55,6.98225001737343,6.00430167116324,7.96019836358362
5.5,6.6642708400549,5.85961962924119,7.46892205086861
5.45,7.01339484901061,6.11497056529757,7.91181913272365
5.4,6.49905302752317,5.50817162017214,7.4899344348742
5.35,7.15405402472782,6.28302964928964,8.025078400166
5.3,6.77279153202953,5.89076909841713,7.65481396564192
5.25,6.69318995278289,5.77718623163906,7.60919367392673
5.2,6.78727270574437,5.94957554978686,7.62496986170188
5.15,6.86357979932329,5.78214746837136,7.94501213027522
5.1,6.63459015713974,5.83232251761461,7.43685779666487
5.05,6.53013028782649,5.73096072305274,7.32929985260023
5,7.2919629416739,6.35126689283676,8.23265899051104
4.95,7.72948903650263,6.89526531084131,8.56371276216395
4.9,7.05734373356245,6.09203199023563,8.02265547688927
4.85,7.09552174242942,6.16001565598587,8.03102782887298
4.8,6.57853754599516,5.51225132046566,7.64482377152465
4.75,7.15560976230365,6.17806514314803,8.13315438145928
4.7,8.53608697013775,7.62221074373035,9.44996319654515
4.65,6.74426521211329,5.9393805536649,7.54914987056168
4.6,7.44825725418156,6.66204007368229,8.23447443468084
4.55,7.68973281993779,6.75544769886043,8.62401794101515
4.5,6.57946903365705,5.70563657952607,7.45330148778804
4.45,8.74677902942851,7.83789380480632,9.6556642540507
4.4,7.8740740846076,6.94347593829069,8.80467223092452
4.35,8.05103628001528,7.00969878297697,9.0923737770536
4.3,8.13937197452871,6.82736168815912,9.45138226089831
4.25,8.55342858096673,7.23733392772316,9.8695232342103
4.2,8.28649996886961,7.11346422629537,9.45953571144386
4.15,8.45368983688202,6.97321353222934,9.9341661415347
4.1,8.26575583609385,6.93407134360316,9.59744032858453
4.05,8.48317650635452,7.00234441485516,9.96400859785389
4,9.159085672072,7.56845136350379,10.7497199806402
3.95,8.68512193463379,7.43940301928436,9.93084084998322
3.9,7.68774188896341,6.33649400921582,9.03898976871099
3.85,7.3884891800234,6.0578772636818,8.71910109636499
3.8,9.04854301121456,7.18543157407306,10.9116544483561
3.75,8.58101562701631,6.87035467625596,10.2916765777767
3.7,9.15349111774352,7.81886561572933,10.4881166197577
3.65,9.43391996349394,7.30672146406677,11.5611184629211
3.6,9.03724767618018,7.42329822379348,10.6511971285669
3.55,7.46144068880417,5.84600796878675,9.07687340882158
3.5,7.27018696417875,6.02134112393488,8.51903280442262
3.45,10.4066406062775,8.97298856968619,11.8402926428688
3.4,10.5894545931538,8.55929628340605,12.6196129029016
3.35,9.61860876319849,7.79734350858016,11.4398740178168
3.3,10.4308182446117,8.80123063803313,12.0604058511902
3.25,8.20359999030829,6.66132760462543,9.74587237599115
3.2,9.87067309079262,8.0614112640763,11.6799349175089
3.15,9.60939026206005,7.77330479994477,11.4454757241753
3.1,9.85764704701655,7.803277645463,11.9120164485701
3.05,9.52381441258277,7.51639023627565,11.5312385888899
3,9.73175922988189,7.69023581200042,11.7732826477634
2.95,11.242656240589,9.27399766019523,13.2113148209827
2.9,9.82666669128177,6.68349739816579,12.9698359843977
2.85,13.7399160934596,9.81425941411655,17.6655727728027
2.8,13.5727199976593,10.9929026078592,16.1525373874595
2.75,10.2740860021002,7.85769582393304,12.6904761802674
2.7,11.4852990960527,9.29719056454424,13.6734076275612
2.65,11.3278667037934,8.39037802843823,14.2653553791486
2.6,9.90210525220947,7.35437343562212,12.4498370687968
2.55,12.6341771531992,9.26987922746346,15.9984750789349
2.5,10.7772727019408,7.57961504876063,13.9749303551209
2.45,14.8545679076586,11.5020521433457,18.2070836719716
2.4,12.8774323624534,8.95103350769356,16.8038312172132
2.35,10.1881579297203,7.53221103410646,12.8441048253341
2.3,11.86565205606,8.70765243443978,15.0236516776802
2.25,11.0898460685061,7.91857677551574,14.2611153614964
2.2,11.4071999759972,7.50162259855095,15.3127773534435
2.15,11.4658461098488,7.66732640099496,15.2643658187026
2.1,12.3864705328483,8.54429730207876,16.2286437636178
2.05,10.9853333226405,7.72302454525584,14.2476421000252
2,11.4788887604243,7.94901789454639,15.0087596263023
1.95,10.3707546550991,6.37924409356264,14.3622652166356
1.9,9.42133323308081,5.61080918583936,13.2318572803223
1.85,10.4043749907287,7.30381376867994,13.5049362127774
1.8,9.90405795480246,6.20989285653684,13.5982230530681
1.75,7.2391489851982,4.91123585335991,9.56706211703649
1.7,6.09658527446956,3.62115616926581,8.57201437967332
1.65,8.87849997095764,5.70073753608361,12.0562624058317
1.6,10.2618422539611,5.37917502087106,15.1445094870511
1.55,8.63999999032984,5.74280772572281,11.5371922549369
1.5,9.11031259584706,5.05537085860058,13.1652543330935
1.45,13.2782609469217,9.70551308330008,16.8510088105433
1.4,10.5402440028947,6.72799190818298,14.3524960976063
1.35,7.88571420697762,5.02645990326676,10.7449685106885
1.3,18.2652942748631,6.91905497168631,29.6115335780398
1.25,12.766857153603,7.5498538367931,17.9838604704129
1.2,9.08128207453933,5.63809945949301,12.5244646895856
1.15,7.76885716404234,4.94810663864029,10.5896076894444
1.1,12.4956097771845,8.18720163919789,16.8040179151712
1.05,13.2416216807591,8.4959504151591,17.9872929463591
1,11.607941100593,6.48632953283114,16.7295526683549
0.949999999999999,10.5467390987374,6.32843514090698,14.7650430565679
0.899999999999999,9.32244445089665,5.59514234106507,13.0497465607282
0.849999999999998,16.0766667102774,10.4257006010169,21.7276328195379
0.799999999999997,10.0081480719425,5.89369016970664,14.1226059741784
0.75,7.97607147527326,5.12819335955019,10.8239495909963
0.699999999999999,7.22076920806788,3.99371078603812,10.4478276300976
0.649999999999999,9.2110000833869,4.9636523227434,13.4583478440304
0.599999999999998,6.73815790632445,4.12405727338807,9.35225853926084
0.549999999999997,7.00833333656192,4.77490706262501,9.24175961049882
0.5,9.60900005698204,6.18491919729685,13.0330809166672
0.449999999999999,11.108846090734,7.51466788746254,14.7030242940055
0.399999999999999,7.7065384892317,4.87641397821433,10.5366630002491
0.349999999999998,17.0156523449265,7.80117791702758,26.2301267728255
0.299999999999997,14.6190323630768,8.42186984698059,20.8161948791731
0.25,12.0726086108581,7.21294388723586,16.9322733344803
0.199999999999999,8.06759995281696,4.71010164098966,11.4250982646443
0.149999999999999,4.70047617952029,2.8011127275696,6.59983963147098
0.0999999999999979,8.16862073848987,4.78810891040136,11.5491325665784
0.0499999999999972,8.92149988356978,1.69282376585649,16.1501760012831
0,10.4635999488831,5.18843442091314,15.738765476853
-0.0500000000000007,9.4275861593156,5.1172806287059,13.7378916899253
-0.100000000000001,9.40368430649764,3.6507715007631,15.1565971122322
-0.150000000000002,13.4099998095383,5.36866327692587,21.4513363421508
-0.200000000000003,10.8146428199751,4.53964136986725,17.089644270083
-0.25,11.8334784222686,6.26235328624456,17.4046035582926
-0.300000000000001,14.9341934194728,8.92528819865294,20.9430986402927
-0.350000000000001,14.3170002505183,8.22586732429166,20.408133176745
-0.400000000000002,19.1947367442282,9.12076710330934,29.268706385147
-0.450000000000003,14.8673682652022,7.11967533660617,22.6150611937982
-0.5,14.9394998371601,7.98885335297601,21.8901463213442
-0.550000000000001,15.117200012207,9.67802568622534,20.5563743381887
-0.600000000000001,12.8159090734341,4.79076637359356,20.8410517732746
-0.650000000000002,13.2124998308136,5.10254777667342,21.3224518849538
-0.700000000000003,9.51227284696969,4.69253964568707,14.3320060482523
-0.75,9.69526316147101,5.9305256004259,13.4600007225161
-0.800000000000001,11.8152631489854,7.48740772191806,16.1431185760528
-0.850000000000001,11.4583333690961,8.07419798227041,14.8424687559218
-0.900000000000002,13.883870976226,9.03990961936447,18.7278323330875
-0.950000000000003,15.5550000635641,8.56846814362227,22.5415319835059
-1,11.1353333761295,6.12651300742982,16.1441537448291
-1.05,16.8148573002645,10.3406393675867,23.2890752329423
-1.1,7.36680000171065,3.57418707684707,11.1594129265742
-1.15,16.6411536324483,11.3865131678583,21.8957940970382
-1.2,13.4263637472283,5.98207717833855,20.870650316118
-1.25,23.3814817965031,9.63682371331407,37.1261398796921
-1.3,13.0851163351259,6.2185900116289,19.9516426586228
-1.35,11.830454538026,8.02295879259248,15.6379502834595
-1.4,10.1303334924082,6.08689310276109,14.1737738820553
-1.45,8.63972230214212,4.14042414970848,13.1390204545758
-1.5,10.9655555695295,7.38817260250488,14.5429385365542
-1.55,11.6326529736422,8.19929119885744,15.0660147484269
-1.6,13.1136000075936,9.24822316405784,16.9789768511294
-1.65,14.6476471083713,10.0421199645761,19.2531742521666
-1.7,13.231111143695,8.50415673962926,17.9580655477607
-1.75,19.4979069182693,11.4145777174297,27.5812361191088
-1.8,17.1560714420463,10.9236504766098,23.3884924074828
-1.85,11.4193332959794,7.42070442776222,15.4179621641966
-1.9,12.6115624261147,9.05778053339026,16.1653443188391
-1.95,12.4787876962712,8.43607206077405,16.5215033317684
-2,11.5710169854811,8.3822422057672,14.7597917651949
-2.05,13.7645900835756,8.62724564779015,18.9019345193611
-2.1,11.6559089801528,4.20690642902002,19.1049115312856
-2.15,14.3718919099585,5.96183989005602,22.7819439298611
-2.2,12.18914875511,7.92450415455335,16.4537933556667
-2.25,16.0958823322081,10.1827673264991,22.0089973379171
-2.3,10.7104545723308,7.36735474805634,14.0535543966053
-2.35,10.5661110646195,5.78387309942299,15.348349029816
-2.4,13.0795162546058,9.24378888379731,16.9152436254143
-2.45,8.78471702168573,6.31970551974032,11.2497285236311
-2.5,7.71381819668141,5.1817596296827,10.2458767636801
-2.55,10.8072091895481,6.98920826133713,14.625210117759
-2.6,11.4141378896632,6.98688397643146,15.8413918028949
-2.65,12.9822580473077,10.1291047042272,15.8354113903882
-2.7,10.0300000680249,7.67206788480473,12.3879322512451
-2.75,10.6956044337252,8.53862525830928,12.8525836091411
-2.8,14.2465477449199,11.7506346835609,16.7424608062789
-2.85,12.1879032134048,8.75371147035648,15.6220949564532
-2.9,12.4949425476464,9.96268316848762,15.0272019268052
-2.95,10.192875018809,8.10963164940887,12.2761183882091
-3,12.7734408614336,9.24176042590056,16.3051212969666
-3.05,12.8490244957914,10.0465090268852,15.6515399646975
-3.1,13.7436275079518,11.0825957672105,16.404659248693
-3.15,13.2415463606414,10.7991483540991,15.6839443671837
-3.2,13.9148315107555,11.1401136595057,16.6895493620052
-3.25,10.7134939995875,8.79653020317802,12.6304577959969
-3.3,10.3987618350912,8.44381801443849,12.3537056557439
-3.35,12.040363665704,8.88860106258988,15.1921262688181
-3.4,8.71763440678196,6.97084050187421,10.4644283116897
-3.45,10.8395192674719,8.84439710691721,12.8346414280267
-3.5,9.8577064230628,8.0687624660956,11.64665038003
-3.55,13.0348936628999,10.9639265707576,15.1058607550422
-3.6,12.3104587996361,9.39248702858151,15.2284305706908
-3.65,12.0635937321931,10.3540248814184,13.7731625829678
-3.7,10.0789394703496,8.36905742298162,11.7888215177176
-3.75,9.86081477690626,8.25603962481236,11.4655899290002
-3.8,8.96297519170671,7.51646969219464,10.4094806912188
-3.85,10.5980146949125,8.89042244710225,12.3056069427227
-3.9,11.5600729667357,9.49818809713262,13.6219578363388
-3.95,12.8940127397514,10.5783738406086,15.2096516388942
-4,10.7185986655628,9.08783171537939,12.3493656157462
-4.05,13.3418709591992,11.3696831105694,15.3140588078291
-4.1,11.3510204535358,8.78586070118485,13.9161802058867
-4.15,12.3174636972717,10.2337971997594,14.4011301947841
-4.2,11.0827814703622,9.06934994788767,13.0962129928368
-4.25,8.95433120977632,7.58225036600141,10.3264120535512
-4.3,9.8972077468386,8.47996009953105,11.3144553941461
-4.35,9.60701757110655,7.97487292467021,11.2391622175429
-4.4,11.7697075796885,10.0243341991252,13.5150809602519
-4.45,10.0249999968082,8.38949566882612,11.6605043247903
-4.5,9.080681854986,7.66049234812824,10.5008713618438
-4.55,9.98918366629858,8.5325326374796,11.4458346951176
-4.6,9.95287495682715,8.03812282451936,11.8676270891349
-4.65,9.36095238401599,8.15201871562953,10.5698860524024
-4.7,8.49091505062054,7.26181182975179,9.72001827148929
-4.75,9.74957059121525,7.93646317582491,11.5626780066056
-4.8,11.3592045746257,9.5297812659636,13.1886278832878
-4.85,10.4583544670781,8.93171518539679,11.9849937487594
-4.9,10.2621511451597,8.77978007503064,11.7445222152887
-4.95,10.3817679276947,8.79256984951369,11.9709660058757
-5,8.45522219273779,7.21792141765571,9.69252296781988
-5.05,9.8695858072203,8.46606406860976,11.2731075458308
-5.1,8.60589402915281,6.73995451736039,10.4718335409452
-5.15,10.6405649459421,8.95654056683982,12.3245893250444
-5.2,8.12106509074656,6.83820917147937,9.40392101001376
-5.25,8.23790240605793,6.94763668122533,9.52816813089053
-5.3,9.35975727026613,8.28853103575247,10.4309835047798
-5.35,9.22849247268583,7.84476975412212,10.6122151912495
-5.4,9.24552762646921,7.99569657384651,10.4953586790919
-5.45,8.61678414005737,7.2050840254886,10.0284842546262
-5.5,8.55771789064484,7.29433890622493,9.82109687506474
-5.55,10.1499999811303,8.31679482928713,11.9832051329735
-5.6,10.3974999649389,8.35675318863689,12.4382467412409
-5.65,9.54930230986703,8.49226125343994,10.6063433662941
-5.7,9.01660519896755,7.76282519024571,10.2703852076894
-5.75,8.79397768812552,7.47900910688675,10.1089462693643
-5.8,8.46124544182977,7.43715261683489,9.48533826682465
-5.85,8.34518367409402,6.77751667889241,9.91285066929563
-5.9,9.48377166926268,8.40561189423221,10.5619314442931
-5.95,7.63014387611381,6.66026479377713,8.60002295845048
-6,8.58229169497887,7.22994413651769,9.93463925344005
-6.05,8.78520376006942,7.78865423466262,9.78175328547621
-6.1,8.36828683209846,7.24312864152389,9.49344502267304
-6.15,9.90968195491803,8.69303872156538,11.1263251882707
-6.2,8.50092199492328,7.40456384214605,9.5972801477005
-6.25,7.95177301581526,6.91610979479279,8.98743623683773
-6.3,9.54493151557286,8.43088529899368,10.658977732152
-6.35,8.6577930770429,7.42766753286247,9.88791862122334
-6.4,9.98663580684382,8.8598140266541,11.1134575870335
-6.45,8.84952535664168,7.75529009079879,9.94376062248457
-6.5,7.99541665353102,7.10839619703056,8.88243711003148
-6.55,9.19174925646265,8.31465385660691,10.0688446563184
-6.6,8.31509589997873,7.31226147939685,9.31793032056062
-6.65,10.0914324921538,9.11895448813583,11.0639104961717
-6.7,9.22868571643319,8.27256864563582,10.1848027872306
-6.75,8.01217910189794,7.16173620559144,8.86262199820443
-6.8,9.54187132286899,8.48474156907124,10.5990010766667
-6.85,7.867620405559,6.76388901759278,8.97135179352522
-6.9,8.0975603313053,7.31078760100782,8.88433306160277
-6.95,8.49472439937841,7.64892578179031,9.34052301696651
-7,9.0724409392441,8.02484191699966,10.1200399614885
-7.05,9.42720994883273,8.4257258467978,10.4286940508677
-7.1,8.05530726168743,7.14347156960928,8.96714295376558
-7.15,7.62877095240955,6.87083395119647,8.38670795362263
-7.2,7.22000001135652,6.47385087474353,7.9661491479695
-7.25,7.75105430837422,6.7474090029279,8.75469961382054
-7.3,8.66722369578608,7.81014701911007,9.5243003724621
-7.35,7.67828168088806,6.81741694076411,8.53914642101202
-7.4,8.61654986782536,7.77093500606856,9.46216472958217
-7.45,7.5739714366304,6.77368084385217,8.37426202940862
-7.5,7.62146197737614,6.84227088129598,8.40065307345631
-7.55,8.741705233032,7.74834458070483,9.73506588535916
-7.6,7.61120784567314,6.73624187063989,8.48617382070638
-7.65,9.50165743557788,8.57542001791998,10.4278948532358
-7.7,7.80515150666319,7.09557019426574,8.51473281906064
-7.75,7.75439654605934,6.96528110877234,8.54351198334634
-7.8,7.94214690801304,7.22898001258181,8.65531380344426
-7.85,7.64201297590436,6.70554289016215,8.57848306164657
-7.9,8.35802396671277,7.52777677564467,9.18827115778088
-7.95,8.07459072921146,7.10472363753637,9.04445782088655
-8,7.55799409568002,6.76865138296055,8.3473368083995
-8.05,8.56883235139672,7.67461996961294,9.46304473318051
-8.1,7.90078312246668,6.85148878083557,8.95007746409778
-8.15,9.01607040775246,8.16111113500379,9.87102968050112
-8.2,8.68426035213444,7.79975129576166,9.56876940850723
-8.25,7.87023739172394,7.10220611253572,8.63826867091217
-8.3,7.96857986841681,7.06860080234461,8.86855893448902
-8.35,7.67451807772404,6.7414335514371,8.60760260401099
-8.40000000000001,8.33113043161406,7.5653654719882,9.09689539123992
-8.45,8.13093940790065,7.27749210632958,8.98438670947172
-8.5,8.36978054360769,7.36560001951932,9.37396106769607
-8.55,9.10342101138412,8.2019648339068,10.0048771888614
-8.6,8.20923682074308,7.28243553509507,9.13603810639109
-8.65000000000001,9.74659899635439,8.65823513447598,10.8349628582328
-8.7,8.56307110605942,7.55221562684776,9.57392658527108
-8.75,8.89316383604024,7.99891358306042,9.78741408902006
-8.8,9.36928574969112,8.5073220739011,10.2312494254811
-8.85,8.33501396218215,7.03886310303824,9.63116482132605
-8.90000000000001,8.99010033988983,8.01542131135137,9.96477936842829
-8.95,8.6499047800662,7.6588631923232,9.6409463678092
-9,9.716745575405,8.39123402254294,11.0422571282671
-9.05,9.48584022098438,8.46136505272556,10.5103153892432
-9.1,8.79351098527168,7.47977003163478,10.1072519389086
-9.15000000000001,9.03981982417651,8.01745012465099,10.062189523702
-9.2,7.69448275443423,6.91932999832577,8.46963551054269
-9.25,10.0439080371168,8.80692416101434,11.2808919132193
-9.3,10.63533546628,9.44531766494474,11.8253532676152
-9.35,9.65090088392454,8.36042652785413,10.941375239995
-9.40000000000001,8.83127217955293,7.98905151224235,9.6734928468635
-9.45,8.12540296362852,7.21692487372846,9.03388105352859
-9.5,9.8409248569259,8.76081118690644,10.9210385269454
-9.55,9.46728393874693,8.50008701555229,10.4344808619416
-9.6,8.98632481544043,7.91049895700194,10.0621506738789
-9.65000000000001,9.41361112049262,8.4061734650765,10.4210487759087
-9.7,7.90121303541729,6.97787139716819,8.82455467366639
-9.75,8.5998165208493,7.58060209983408,9.61903094186452
-9.8,9.8495918451089,8.85430783393798,10.8448758562798
-9.85,7.85954837915638,6.81006801619328,8.90902874211949
-9.90000000000001,9.48960995751414,8.43120888190725,10.548011033121
-9.95,7.72000000004967,6.70902316843172,8.73097683166763
-10,7.15954714987497,6.25394697951824,8.0651473202317
-10.05,8.77477506494672,7.85785199204917,9.69169813784427
-10.1,7.84110747894169,6.86238087012096,8.81983408776241
-10.15,8.78410031178356,7.9662788765702,9.60192174699693
-10.2,8.00970199675798,7.18891902630067,8.8304849672153
-10.25,8.10309445177257,7.07797117745792,9.12821772608722
-10.3,8.18159290970163,7.40258746832148,8.96059835108178
-10.35,7.30958332718373,6.43985096085422,8.17931569351325
-10.4,7.82734482509309,6.95857962877091,8.69611002141527
-10.45,6.99069596852958,6.05851401802156,7.9228779190376
-10.5,6.38882736242847,5.70595241516925,7.07170230968769
-10.55,9.0208598696597,8.20049961988893,9.84122011943047
-10.6,6.91237584928857,6.02650110977421,7.79825058880293
-10.65,8.68155627150015,7.65899609612099,9.70411644687931
-10.7,6.73455829023261,5.89046421274704,7.57865236771819
-10.75,7.3882155221219,6.49857764044336,8.27785340380044
-10.8,8.83380951040002,7.9781537741979,9.68946524660214
-10.85,7.56824140202511,6.57605774266936,8.56042506138085
-10.9,9.65304055934571,8.68393251951852,10.6221485991729
-10.95,8.51500000654172,7.33190782171728,9.69809219136615
-11,7.57294301530701,6.76894024323384,8.37694578738018
-11.05,8.1008143477773,7.16691057829875,9.03471811725585
-11.1,8.54417218151349,7.08146882343891,10.0068755395881
-11.15,8.63575754967151,7.6978058002661,9.57370929907693
-11.2,8.81175001676892,7.69578687125761,9.92771316228023
-11.25,7.69887788367547,6.77438806530303,8.62336770204791
-11.3,8.4394964097108,7.53424167783347,9.34475114158812
-11.35,8.0939072533603,6.98451506745511,9.2032994392655
-11.4,8.78414633015465,7.97673645618686,9.59155620412244
-11.45,7.75965943734735,6.9714157430034,8.54790313169131
-11.5,7.63106709282572,6.61104120626256,8.65109297938889
-11.55,8.08173252192062,7.23914827683003,8.92431676701122
-11.6,8.08236422499243,6.98605970359103,9.17866874639382
-11.65,7.72911261723284,6.91507877508798,8.5431464593777
-11.7,6.85773809605633,6.13981934997796,7.5756568421347
-11.75,7.58254598307372,6.68029726058955,8.4847947055579
-11.8,8.55766871953212,7.72294525569757,9.39239218336668
-11.85,8.06939873689361,7.08604115906255,9.05275631472466
-11.9,8.89301449707236,7.90974774656128,9.87628124758344
-11.95,7.00090908629867,6.22001461760074,7.78180355499661
-12,7.2496774016915,6.41040872843553,8.08894607494747
-12.05,8.85421052839288,7.9024523891028,9.80596866768296
-12.1,8.26741047382108,7.21248565845703,9.32233528918513
-12.15,8.57772729896447,7.71773317008352,9.43772142784541
-12.2,8.18812499257426,7.30205879417623,9.07419119097229
-12.25,7.8903273634302,6.94041254760045,8.84024217925995
-12.3,8.29838617254981,7.39785613281712,9.19891621228251
-12.35,7.13662758892363,6.1941941488865,8.07906102896076
-12.4,8.5455978366941,7.64208947444787,9.44910619894033
-12.45,8.77031745979435,7.54062152597754,10.0000133936112
-12.5,8.54392658450803,7.53919309396203,9.54866007505403
-12.55,7.90296830447332,7.04863272107688,8.75730388786977
-12.6,8.92151613382084,7.06203394551431,10.7809983221274
-12.65,9.1581971920397,8.18032007239192,10.1360743116875
-12.7,8.5570461839896,7.50124852259196,9.61284384538724
-12.75,7.36778761051968,6.53053700241151,8.20503821862785
-12.8,9.17529588494692,8.22217208994916,10.1284196799447
-12.85,8.07333335507071,6.86223006045863,9.28443664968278
-12.9,9.10495523765906,8.11438197810289,10.0955284972152
-12.95,8.96003065851912,7.79551953691102,10.1245417801272
-13,8.78663635589183,7.67636946660976,9.8969032451739
-13.05,8.60349294776754,7.64675219247891,9.56023370305617
-13.1,8.35852092504501,7.24902180753169,9.46802004255834
-13.15,8.76747849343457,7.84808439013942,9.68687259672972
-13.2,7.61794953443087,6.66493872303885,8.57096034582288
-13.25,6.90991043176002,6.21527554538886,7.60454531813119
-13.3,8.78224998274819,7.97080309786976,9.59369686762662
-13.35,7.56819570795932,6.6115506674196,8.52484074849904
-13.4,8.09282419134886,7.30052528595999,8.88512309673774
-13.45,7.53927444519728,6.75689076761591,8.32165812277865
-13.5,7.55441595292372,6.56775396675342,8.54107793909401
-13.55,8.10336134342753,7.32255498910779,8.88416769774727
-13.6,7.70798783308668,6.70805184684636,8.707923819327
-13.65,8.72840489993341,7.80445209072407,9.65235770914275
-13.7,8.39161715859996,7.24524652070797,9.53798779649195
-13.75,7.10461037216539,6.16718916299722,8.04203158133356
-13.8,8.36219353264859,7.42705831220254,9.29732875309464
-13.85,8.64736304423223,6.98282568059549,10.311900407869
-13.9,9.10321874250076,8.03574924882947,10.170688236172
-13.95,7.51820687483354,6.43489143929762,8.60152231036946
-14,7.74514285771265,6.80714605389097,8.68313966153432
-14.05,7.4898996650425,6.56102516036947,8.41877416971554
-14.1,7.99873846355538,6.64445993756971,9.35301698954106
-14.15,8.63690185512021,7.67966605943048,9.59413765080993
-14.2,7.03724253211059,6.22747269146557,7.84701237275561
-14.25,7.92369719828204,6.75260493182594,9.09478946473813
-14.3,7.33522032655902,6.51172278912849,8.15871786398955
-14.35,7.5463384696612,6.44861421117585,8.64406272814654
-14.4,7.29349162859332,6.4959884960965,8.09099476109014
-14.45,6.93902656621682,6.15604222648978,7.72201090594386
-14.5,6.42867402111319,5.797443905134,7.05990413709239
-14.55,7.19542937931139,6.51747242674724,7.87338633187553
-14.6,6.86205128915714,6.11673759078491,7.60736498752938
-14.65,6.87583553546976,6.25260045326314,7.49907061767638
-14.7,7.32918306816842,6.43745812079162,8.22090801554523
-14.75,6.07374268502259,5.4231611642122,6.72432420583297
-14.8,7.04126156487144,6.22757479384926,7.85494833589363
-14.85,6.74168141911516,5.94144961597314,7.54191322225718
-14.9,7.2871306866926,6.57274062938064,8.00152074400456
-14.95,7.23515704994368,6.51946617211527,7.95084792777209
-15,7.48324809653584,6.72022504958813,8.24627114348356
-15.05,7.12687844723895,6.43132287828427,7.82243401619364
-15.1,6.49246786134485,5.88845378872802,7.09648193396168
-15.15,6.98284974804274,6.27124731294033,7.69445218314516
-15.2,7.18569554633453,6.3820489960228,7.98934209664626
-15.25,6.64894872026948,5.92850841163439,7.36938902890457
-15.3,7.43257896055124,6.68781556347852,8.17734235762397
-15.35,5.34747311689701,4.81742751590428,5.87751871788974
-15.4,6.81206896283543,6.15256101164758,7.47157691402327
-15.45,6.34075631222137,5.65686162586818,7.02465099857456
-15.5,6.44093085996846,5.79942197089617,7.08243974904076
-15.55,6.9154568296115,6.33815216276809,7.49276149645491
-15.6,5.90108331842348,5.26955578734515,6.53261084950181
-15.65,7.54345645652814,6.88009000438433,8.20682290867194
-15.7,6.53703999432424,5.87078171072029,7.20329827792819
-15.75,7.19798507860199,6.46696780536659,7.92900235183739
-15.8,7.38850665825109,6.69643964862907,8.0805736678731
-15.85,7.00361650874296,6.26626762962702,7.74096538785891
-15.9,6.71634515953548,6.07038488660328,7.36230543246768
-15.95,6.09208452309626,5.43999750551788,6.74417154067463
-16,6.66821780816495,6.04315757572076,7.29327804060915
-16.05,7.0735967439277,6.4210814872305,7.7261120006249
-16.1,7.08015191988385,6.2942468522199,7.86605698754779
-16.15,7.32089973189856,6.68681447852339,7.95498498527373
-16.2,5.89037406242956,5.36070714271755,6.42004098214158
-16.25,6.29301150621868,5.65202066324574,6.93400234919162
-16.3,6.89373736951801,6.30217426305467,7.48530047598135
-16.35,6.86603865122809,6.21232020025467,7.51975710220152
-16.4,7.00414816167803,6.43111732572775,7.57717899762832
-16.45,6.97416039711719,6.3455479400262,7.60277285420817
-16.5,6.75985877258482,6.02022925689102,7.49948828827862
-16.55,7.36026547227198,6.52764498306427,8.19288596147968
-16.6,6.5605649663146,5.87370456171266,7.24742537091653
-16.65,7.21808862431785,6.48016609025814,7.95601115837756
-16.7,6.92507885794863,6.16675921623609,7.68339849966117
-16.75,6.45025351766339,5.82029955186228,7.08020748346451
-16.8,6.94203540696529,6.09949668199702,7.78457413193356
-16.85,6.61297751037048,5.84582861143766,7.3801264093033
-16.9,7.40237143427133,6.73248722718821,8.07225564135446
-16.95,7.42692771900714,6.62564491117785,8.22821052683644
-17,6.76891115754522,5.99854808994832,7.53927422514213
-17.05,6.98228573913553,6.29993939304716,7.66463208522389
-17.1,6.43671824218527,5.69069666242157,7.18273982194896
-17.15,6.83497024446704,6.18498965433125,7.48495083460283
-17.2,6.1302556685299,5.47965161707204,6.78085971998776
-17.25,6.3575141289203,5.7350336512593,6.9799946065813
-17.3,7.31113637112952,6.51532221279443,8.10695052946461
-17.35,6.8057947012639,6.00715585013547,7.60443355239233
-17.4,6.70723078645192,5.97353109888022,7.44093047402363
-17.45,6.10801828817305,5.49245333565309,6.72358324069302
-17.5,6.99021805389973,6.17060877663915,7.80982733116031
-17.55,7.23079709882807,6.45603119071203,8.00556300694412
-17.6,6.91923075184899,6.03757692366046,7.80088458003752
-17.65,6.46436309647171,5.72464624073487,7.20407995220855
-17.7,6.82481367934079,6.06786122984105,7.58176612884052
-17.75,7.33675673998116,6.4202987962008,8.25321468376151
-17.8,7.33207141735724,6.50671146633321,8.15743136838126
-17.85,7.05807695766403,6.0643229538861,8.05183096144195
-17.9,7.84892158189582,7.04557747316143,8.6522656906302
-17.95,7.81687283556895,6.84365005333841,8.79009561779949
-18,7.65966664606084,6.77629776030502,8.54303553181667
-18.05,7.08887275699865,6.31533817673749,7.8624073372598
-18.1,7.7858581904725,6.85700269543785,8.71471368550716
-18.15,7.15378675692002,6.24915207013698,8.05842144370307
-18.2,6.06968640916387,5.36338436714639,6.77598845118136
-18.25,6.9046564899058,6.10377004324161,7.70554293656998
-18.3,7.42523810687055,6.60990021046001,8.24057600328109
-18.35,8.29730629934706,7.20356844601386,9.39104415268026
-18.4,8.45493055991958,7.53549367148585,9.37436744835331
-18.45,7.57216666761475,6.68962915077402,8.45470418445549
-18.5,7.08452379734566,6.27374270375469,7.89530489093663
-18.55,7.95679650329924,6.83117351762416,9.08241948897432
-18.6,7.80290638936197,6.14230337284022,9.46350940588373
-18.65,8.66994762622522,7.60491135123339,9.73498390121704
-18.7,6.83879808558581,5.94254921983641,7.73504695133521
-18.75,8.11872926924521,6.73223746788766,9.50522107060277
-18.8,8.91990336525627,7.87228617202832,9.96752055848423
-18.85,8.58829491279916,7.44860802638965,9.72798179920867
-18.9,9.22863874917958,8.04622263056422,10.4110548677949
-18.95,9.70405879143406,8.42555454883317,10.982563034035
-19,8.01338890606745,6.79740826908249,9.2293695430524
-19.05,7.74845303712381,6.70883809121269,8.78806798303494
-19.1,7.10534593950278,6.07733830714429,8.13335357186127
-19.15,7.926878952356,6.7819805256324,9.0717773790796
-19.2,7.87914290277819,6.63835430587378,9.11993149968261
-19.25,8.18580000100036,6.9090200331512,9.46257996884953
-19.3,9.23158940396562,7.86489836753425,10.598280440397
-19.35,10.3314482853844,8.87013787953818,11.7927586912307
-19.4,7.66197181062799,6.38445285383505,8.93949076742094
-19.45,7.28476189408037,6.18814647655057,8.38137731161018
-19.5,6.61638463686865,5.69550653658683,7.53726273715047
-19.55,8.45128786642895,7.20702869154542,9.69554704131248
-19.6,7.01076336034382,5.75932670151492,8.26220001917271
-19.65,7.47536232887997,6.34420652763275,8.60651813012719
-19.7,6.31279068445975,5.27704370325107,7.34853766566842
-19.75,7.43217688350349,6.22076287018544,8.64359089682155
-19.8,8.60980893414064,7.25697311406333,9.96264475421796
-19.85,7.90342463477681,6.18213921437479,9.62471005517882
-19.9,7.64364283763404,6.19732684752129,9.08995882774679
-19.95,7.37398499723776,5.8921412062995,8.85582878817603
-20,7.37655846168614,5.90188102002465,8.85123590334763
-20.05,7.39178863634181,6.02098408860523,8.76259318407839
-20.1,7.8681343505298,6.37479998192098,9.36146871913863
-20.15,7.40131943502153,6.26395397051471,8.53868489952835
-20.2,6.74587412041749,5.65646474664434,7.83528349419063
-20.25,7.50068178027868,6.05458100135082,8.94678255920655
-20.3,6.11566666069751,5.18290422463239,7.04842909676262
-20.35,6.5907999638617,5.31017489825681,7.8714250294666
-20.4,6.81721520182217,5.796039774739,7.83839062890535
-20.45,6.06294117515962,4.88568128183563,7.2402010684836
-20.5,7.56632811753661,6.39241075361221,8.74024548146102
-20.55,6.69836207087441,5.58827183309634,7.80845230865247
-20.6,6.07048782736548,4.87735698634363,7.26361866838733
-20.65,6.29322316699223,5.34770297642428,7.23874335756018
-20.7,6.03036031917342,5.04327075153688,7.01744988680995
-20.75,4.84377049193641,3.81977873691413,5.86776224695869
-20.8,7.04336069112064,4.6138095820522,9.47291180018907
-20.85,5.65882883220911,4.51266587125933,6.80499179315889
-20.9,5.40336134589958,4.52463208873155,6.28209060306761
-20.95,5.23612242849658,4.26428469268251,6.20796016431065
-21,5.16285712329582,3.89859411456111,6.42712013203053
-21.05,7.42731958009379,5.94169039862797,8.91294876155962
-21.1,5.75476189851761,4.43379280808738,7.07573098894783
-21.15,5.59892158641243,4.38200114053309,6.81584203229176
-21.2,4.99021052169172,3.95517662876867,6.02524441461478
-21.25,5.8253043451225,4.71954735334543,6.93106133689956
-21.3,6.26776783833546,4.95117448140966,7.58436119526127
-21.35,5.63619999904185,4.19753974675123,7.07486025133248
-21.4,5.26844040439422,4.30648195056005,6.23039885822838
-21.45,4.41333332790554,3.37906654031941,5.44760011549168
-21.5,5.015046797745,4.00122300791611,6.02887058757389
-21.55,5.45973451667984,4.47891368636524,6.44055534699445
-21.6,4.7084210723181,3.84570186119171,5.5711402834445
-21.65,5.3748543463575,4.2892097527242,6.4604989399908
-21.7,5.44797873481157,4.20452429197878,6.69143317764435
-21.75,4.75000000631339,3.8324950449,5.66750496772678
-21.8,4.99740386261748,4.14408358317947,5.85072414205549
-21.85,5.64602147869926,4.39339480614109,6.89864815125744
-21.9,6.23187498101366,5.11892068851136,7.34482927351596
-21.95,5.14990477324242,4.20908473300934,6.09072481347549
-22,5.12769841053893,4.30016630355076,5.9552305175271
-22.05,4.71503814376663,3.99501543379293,5.43506085374033
-22.1,5.43983334551255,4.05184907222209,6.82781761880301
-22.15,5.66752214134728,4.62114195870072,6.71390232399385
-22.2,5.353909790796,4.43678512003451,6.27103446155749
-22.25,5.90654135607463,4.5773536131033,7.23572909904596
-22.3,5.07741667356652,3.97232102970672,6.18251231742633
-22.35,5.77564517685002,3.77193540870603,7.77935494499401
-22.4,5.44266665382311,4.36482964708602,6.52050366056019
-22.45,5.14104001295566,4.00153429286915,6.28054573304218
-22.5,4.99742422772177,4.11489213321054,5.87995632223299
-22.55,5.75298384057298,4.46890727817723,7.03706040296872
-22.6,4.90495727940375,4.09224445619714,5.71767010261036
-22.65,5.21086616098412,4.35373358212829,6.06799873983994
-22.7,5.30862316471673,4.41605046102737,6.20119586840609
-22.75,4.50860464226368,3.7749148681919,5.24229441633546
-22.8,6.40968752992922,5.16390426737972,7.65547079247871
-22.85,5.65593497588382,3.52108708200675,7.79078286976089
-22.9,4.7938842977097,3.23833113878912,6.34943745663028
-22.95,4.01367926407816,3.34236858728549,4.68498994087084
-23,4.9003703312224,3.75855487961193,6.04218578283287
-23.05,5.69874997372141,4.55572138571099,6.84177856173182
-23.1,5.67663933234442,3.97093722003643,7.38234144465241
-23.15,5.56933955981765,3.96068924059191,7.17798987904339
-23.2,5.16198114404139,3.92778714734908,6.39617514073369
-23.25,5.79348623219433,3.74508044067646,7.8418920237122
-23.3,5.62646459938601,4.34253125838587,6.91039794038614
-23.35,4.77311107617699,3.32179478961195,6.22442736274203
-23.4,6.09792450300576,4.71971832526796,7.47613068074356
-23.45,6.21604648661302,4.51054610012734,7.9215468730987
-23.5,4.8699224513284,3.73924736044641,6.00059754221039
-23.55,5.64666665969761,4.48459547824325,6.80873784115197
-23.6,5.77549017191517,4.27281368093106,7.27816666289928
-23.65,5.93679997999221,4.50921974354429,7.36438021644013
-23.7,6.23263165911562,4.18210621132137,8.28315710690987
-23.75,5.08494845485872,3.87947648039957,6.29042042931786
-23.8,5.15558825469777,4.08490122507043,6.22627528432511
-23.85,3.90366198972497,3.02613234647573,4.78119163297421
-23.9,4.51543689034518,3.73762991981549,5.29324386087486
-23.95,3.44151896363289,2.55274440547359,4.33029352179219
-24,3.42919999117653,2.34881611768266,4.50958386467039
-24.05,5.2193203726693,4.36824428383167,6.07039646150692
-24.1,5.4883333471341,4.06584624392169,6.91082045034651
-24.15,6.38457448241558,5.18795902344424,7.58118994138692
-24.2,5.35064931586385,4.0454771906555,6.6558214410722
-24.25,4.74126581661403,3.74340832065107,5.73912331257699
-24.3,4.99121621744455,3.9856850713635,5.99674736352561
-24.35,4.19207550444693,2.2498342455647,6.13431676332915
-24.4,4.71676924157028,3.62954673570719,5.80399174743337
-24.45,5.25333332487692,3.80643010774192,6.70023654201193
-24.5,7.02969700357679,4.70967845079413,9.34971555635946
-24.55,6.74077922758925,4.82933957543109,8.6522188797474
-24.6,4.90322580561042,3.80162524053415,6.00482637068669
-24.65,6.16885716098228,2.52607157057127,9.81164275139329
-24.7,4.61033898355218,2.52731280517514,6.69336516192923
-24.75,5.76584904763918,3.80743429863991,7.72426379663845
-24.8,5.41596157988533,3.55161704184706,7.28030611792361
-24.85,5.24911107905209,3.55571332646226,6.94250883164192
-24.9,6.32377360086396,4.62241128716015,8.02513591456777
-24.95,5.17613331124186,4.01349288356374,6.33877373891998
-25,5.05777775636978,4.05667202965061,6.05888348308894
-25.05,6.33094596429854,4.49881516962642,8.16307675897066
-25.1,5.8189473479594,4.51748009997218,7.12041459594663
-25.15,6.22358492354177,4.93009104649588,7.51707880058766
-25.2,5.78000002892481,4.40357080839442,7.15642924945519
-25.25,5.28432837050797,4.07652620208568,6.49213053893027
-25.3,4.62673468750959,3.46473253944121,5.78873683557796
-25.35,4.34068962783906,3.22721081389732,5.4541684417808
-25.4,4.69943396409728,3.61341927728435,5.78544865091021
-25.45,5.48893333325783,4.13405174427346,6.84381492224221
-25.5,4.85877190236198,3.5506765732554,6.16686723146857
-25.55,5.69435484070451,4.31390619155721,7.07480348985182
-25.6,5.70208950552033,4.41917057399264,6.98500843704802
-25.65,5.16621206429872,3.89775391184804,6.43467021674939
-25.7,6.14985713445182,4.41282818420215,7.8868860847015
-25.75,5.20955225602904,3.6548877988162,6.76421671324189
-25.8,5.24315789881113,4.04770248186178,6.43861331576048
-25.85,5.96708331971119,4.43061441049322,7.50355222892916
-25.9,4.98934425670104,3.98376841708146,5.99492009632062
-25.95,4.7646153986454,3.68973250403435,5.83949829325645
-26,5.60644070216912,4.35103681347105,6.8618445908672
-26.05,5.47792208755945,4.22816590239953,6.72767827271938
-26.1,4.01852461549102,2.94658827630015,5.09046095468189
-26.15,6.61132353237447,5.37462691272015,7.84802015202878
-26.2,4.92651515973337,3.84301705128479,6.01001326818194
-26.25,5.52771929612285,4.04156761445808,7.01387097778762
-26.3,5.63469389658801,4.14271691687171,7.12667087630432
-26.35,4.76096774610661,3.59748075757073,5.92445473464248
-26.4,4.90999996571669,3.58196691604525,6.23803301538812
-26.45,3.4465151546015,2.65068378317393,4.24234652602906
-26.5,5.14462965664764,3.54643795867739,6.74282135461789
-26.55,4.73456140784057,3.64992090750122,5.81920190817991
-26.6,4.1835526334563,2.9554662275051,5.4116390394075
-26.65,5.5561428551163,4.18017460269825,6.93211110753436
-26.7,5.3739705812186,3.89772055221991,6.85022061021729
-26.75,4.4530612424168,2.94114590568044,5.96497657915317
-26.8,4.4115217656869,2.78634485568818,6.03669867568561
-26.85,3.19648148015969,2.42432352652714,3.96863943379225
-26.9,6.97882350738727,4.67619183069972,9.28145518407481
-26.95,6.32871791185477,3.55874605142215,9.09868977228739
-27,3.83926831113129,2.3680874509178,5.31044917134479
-27.05,4.97711110342708,3.58606156749283,6.36816063936133
-27.1,4.934062496759,3.50295077058782,6.36517422293017
-27.15,5.38051723515422,4.08502143822417,6.67601303208427
-27.2,4.74925921064008,3.62635866103984,5.87215976024032
-27.25,6.05232138589158,4.43974738980271,7.66489538198045
-27.3,4.24961534930536,3.11879484937332,5.38043584923741
-27.35,5.73634145463385,4.04215972595902,7.43052318330869
-27.4,4.30683334786445,3.21452561431412,5.39914108141478
-27.45,3.23721310740612,2.62610107593854,3.8483251388737
-27.5,4.29624994886884,2.62039791547531,5.97210198226237
-27.55,3.75019231166404,2.95632570446606,4.54405891886202
-27.6,4.18944441554723,3.02364151920512,5.35524731188934
-27.65,4.6457894575586,3.3811469988123,5.91043191630491
-27.7,4.00228069408944,2.91090173029006,5.09365965788881
-27.75,3.75508774222251,2.88323661321573,4.62693887122928
-27.8,5.24222223764217,3.40112125853275,7.08332321675158
-27.85,5.09549021969239,3.52883229210304,6.66214814728174
-27.9,6.84135589104588,4.88416236015951,8.79854942193224
-27.95,4.97711535600515,3.79831994164889,6.15591077036142
-28,5.90483873049098,4.39640040808273,7.41327705289922
-28.05,6.0035135129819,4.65832793864074,7.34869908732307
-28.1,5.91452379072351,4.19488917973128,7.63415840171574
-28.15,5.02797471041072,4.18626150558237,5.86968791523907
-28.2,4.91097559048454,3.66876040503417,6.1531907759349
-28.25,4.88079366942365,3.64463135184991,6.11695598699739
-28.3,6.00231884398322,4.86900563569772,7.13563205226873
-28.35,4.25826666901509,3.44610649343146,5.07042684459872
-28.4,5.57762500480749,4.45692869138936,6.69832131822561
-28.45,4.63259257348599,3.42975506650752,5.83543008046447
-28.5,3.91358970831602,3.15366885799313,4.67351055863891
-28.55,4.63247191742732,3.78244223899756,5.48250159585709
-28.6,3.25074627561801,2.58710170941724,3.91439084181877
-28.65,5.14702701860586,3.89903838564278,6.39501565156894
-28.7,5.29518985757722,4.04129905801175,6.54908065714269
-28.75,4.03121213874582,3.0175764795489,5.04484779794274
-28.8,4.71649351135477,3.80603739535703,5.6269496273525
-28.85,6.01025974208658,5.05570493729682,6.96481454687635
-28.9,5.74597938758196,4.71182812530246,6.78013064986146
-28.95,4.50708332335732,3.61288129834801,5.40128534836662
-29,4.15378381231347,3.49077168735221,4.81679593727472
-29.05,4.51783503469118,3.84717334954345,5.18849671983892
-29.1,4.68847060032627,3.7832866809197,5.59365451973284
-29.15,4.09866666416327,3.40881134576098,4.78852198256557
-29.2,5.3540844876634,3.73713192493106,6.97103705039573
-29.25,4.72449275786462,3.67115543553467,5.77783008019457
-29.3,5.19491230853294,3.69998518988285,6.68983942718303
-29.35,5.30972604198407,3.68574287389638,6.93370921007175
-29.4,4.81194029609436,3.95843795567435,5.66544263651438
-29.45,5.16690138800883,4.0634670658929,6.27033571012476
-29.5,3.73238094934514,2.81499673994132,4.64976515874895
-29.55,4.08119400712981,3.03841095399463,5.123977060265
-29.6,4.53656716516881,3.6413857026052,5.43174862773242
-29.65,5.59493335405985,4.11324170275691,7.0766250053628
-29.7,6.69277782089732,3.65850686470643,9.72704877708822
-29.75,3.97500000332065,3.02163516868259,4.92836483795871
-29.8,5.92257145281349,4.8284261943754,7.01671671125158
-29.85,4.96830987804372,3.87302978169223,6.06358997439522
-29.9,5.54726025097276,4.53002354973333,6.5644969522122
-29.95,5.74314815254399,4.39119925003892,7.09509705504906
-30,6.37606558570119,4.99931172531705,7.75281944608533
-30.05,5.29355931834523,4.18051650394158,6.40660213274887
-30.1,5.7174545395442,4.00651177932838,7.42839729976002
-30.15,5.67285714085613,4.20170749500396,7.1440067867083
-30.2,4.08083333796822,3.18245174713279,4.97921492880364
-30.25,5.43688888458742,3.99131735392616,6.88246041524868
-30.3,5.49807693336445,4.04714878861922,6.94900507810968
-30.35,4.86749999360605,3.46201121235184,6.27298877486026
-30.4,4.85319148162578,3.5093283083791,6.19705465487246
-30.45,5.12418186180294,3.74710778267153,6.50125594093434
-30.5,5.17810806128624,3.56744883983342,6.78876728273906
-30.55,6.38189190797306,4.75221676180209,8.01156705414404
-30.6,6.32261898652428,4.16433468693604,8.48090328611253
-30.65,5.82820517321428,4.1832574424278,7.47315290400075
-30.7,6.67437502264511,4.64304012496973,8.70570992032049
-30.75,5.30500003546476,3.40369500807011,7.20630506285942
-30.8,4.71045454456048,2.62236282415396,6.798546264967
-30.85,6.61129038492518,4.59922321269828,8.62335755715208
-30.9,5.46480004101992,3.67064505657969,7.25895502546014
-30.95,3.77500000866977,2.43622797677861,5.11377204056093
-31,3.87333331399021,2.64047981634701,5.1061868116334
-31.05,4.69500001845881,3.62609547701318,5.76390455990445
-31.1,5.79230771653163,3.89023948817111,7.69437594489215
-31.15,3.78235292785308,2.15955883764747,5.40514701805868
-31.2,6.06424238882733,4.16712130330952,7.96136347434515
-31.25,7.54719992995262,5.47074316471739,9.62365669518785
-31.3,7.41687498148531,5.52982193723314,9.30392802573747
-31.35,3.94590908695351,2.87778000161271,5.01403817229431
-31.4,7.32884609484329,4.53699433445342,10.1206978552332
-31.45,5.92741933386893,4.02438756474335,7.83045110299451
-31.5,4.20166665098319,2.73149403239141,5.67183926957497
-31.55,5.5632258038367,4.28608545957141,6.84036614810199
-31.6,3.41000000635783,2.12001945559746,4.6999805571182
-31.65,6.11093752831221,3.92952441393344,8.29235064269097
-31.7,5.05939398830136,3.79724047599451,6.3215475006082
-31.75,4.19210523739457,3.19879482641803,5.18541564837111
-31.8,6.36821427728449,4.6594955561386,8.07693299843037
-31.85,6.68260870938716,4.32864008990142,9.03657732887289
-31.9,6.63656253938098,4.65787341913292,8.61525165962903
-31.95,5.74370365231125,4.35177020503349,7.13563709958902
-32,4.17526315387927,2.53635479652753,5.81417151123101
-32.05,7.17640006542206,5.08388854620234,9.26891158464177
-32.1,6.97370370008327,4.63039338688976,9.31701401327679
-32.15,4.5510000060002,3.35589154887485,5.74610846312555
-32.2,7.05652167567092,5.32256287016594,8.79048048117591
-32.25,5.48347824811935,3.69767188961204,7.26928460662667
-32.3,5.18812499195337,3.70724628221949,6.66900370168726
-32.35,5.28466669817766,3.53283620959375,7.03649718676156
-32.4,5.06727270781994,3.17821415212713,6.95633126351275
-32.45,6.15299988090992,3.78524801266521,8.52075174915463
-32.5,5.14500007205285,3.65695566549752,6.63304447860817
-32.55,5.6211999630928,3.73145155029032,7.51094837589529
-32.6,3.50640001416206,1.99286968732373,5.01993034100039
-32.65,7.1648387260014,5.13622920657701,9.1934482454258
-32.7,3.66594595718827,2.72751357703204,4.60437833734449
-32.75,4.55692306991953,3.31471036323851,5.79913577660055
-32.8,3.87052631378174,2.63480835986413,5.10624426769935
-32.85,5.14250001683831,2.31332498270635,7.97167505097028
-32.9,6.01861109667354,4.41023667082876,7.62698552251832
-32.95,6.10281248367392,3.86948748810171,8.33613747924612
-33,6.7792592699881,4.67996055163872,8.87855798833747
-33.05,4.5321738862473,2.91737286571855,6.14697490677605
-33.1,5.89178567233362,3.74442667062141,8.03914467404584
-33.15,7.06200013160706,3.15541058101009,10.968589682204
-33.2,4.83519994139671,3.12853432470794,6.54186555808549
-33.25,4.49466670217613,2.90127491640408,6.08805848794819
-33.3,5.20930230964062,3.95995656880822,6.45864805047301
-33.35,4.07054053146291,2.86343449527825,5.27764656764757
-33.4,4.69891303858679,3.63492480361871,5.76290127355488
-33.45,5.9263158134724,4.79953823251223,7.05309339443256
-33.5,7.43966666658719,4.56623244772137,10.313100885453
-33.55,4.89186046497766,3.65020384722935,6.13351708272598
-33.6,7.82962959563291,3.63933498941797,12.0199242018478
-33.65,6.2729630259866,3.37899323974477,9.16693281222842
-33.7,7.51125003881753,4.80402113401346,10.2184789436216
-33.75,8.87468739692122,4.50583475456714,13.2435400392753
-33.8,9.97800003694636,6.20512363776328,13.7508764361294
-33.85,13.2847058431191,7.05237953029698,19.5170321559411
-33.9,6.73741937705105,4.44689587379479,9.02794288030731
-33.95,8.13978725794623,4.12752645843508,12.1520480574574
-34,6.49882349360953,4.4909417334282,8.50670525379086
-34.05,5.3589744030092,3.61279894518575,7.10514986083265
-34.1,5.67937500402331,4.31090695213748,7.04784305590914
-34.15,7.60517240790971,3.5382791530471,11.6720656627723
-34.2,5.03173909757448,3.0857334774419,6.97774471770707
-34.25,9.14586202029524,5.1505128532995,13.141211187291
-34.3,10.5028571600006,5.83073789129448,15.1749764287067
-34.35,6.72576930431219,4.5640336220777,8.88750498654668
-34.4,13.9256249144673,5.88531792980331,21.9659318991314
-34.45,3.76083335528771,1.44711935975331,6.07454735082211
-34.5,5.99333331187566,3.19120850475189,8.79545811899943
-34.55,4.8872726964341,2.7228674384272,7.051677954441
-34.6,5.52812497864943,3.18042717906713,7.87582277823173
-34.65,6.26909087462859,2.40921126800314,10.128970481254
-34.7,6.02428563152041,3.57135841975815,8.47721284328267
-34.75,6.45428582600185,5.3549633909886,7.5536082610151
-34.8,3.31166665752729,2.02255456329031,4.60077875176427
-34.85,4.32307690152755,2.51458538689708,6.13156841615803
-34.9,4.17099999189377,2.97594474376049,5.36605524002705
-34.95,5.26454546234824,2.79078379771097,7.73830712698551
-35,6.77714295898165,3.40549601515395,10.1487899028094
-35.05,14.8899996926387,-3.58984148123066,33.3698408665081
-35.1,5.91142851965768,1.02288197461615,10.7999750646992
-35.15,6.81714279311044,3.44861713539013,10.1856684508308
-35.2,4.47999995052814,2.82173828070124,6.13826162035505
-35.25,2.61999998688698,1.09346599241258,4.14653398136137
-35.3,5.94571427042995,3.94932498158698,7.94210355927293
-35.35,8.36555558443069,2.52339813856589,14.2077130302955
-35.4,7.58666668385267,4.7739155113751,10.3994178563302
-35.45,4.68153849473366,2.29527153894284,7.06780545052449
-35.5,5.83499999841054,2.70715376611373,8.96284623070735
-35.55,4.05923081361331,2.6911933725041,5.42726825472251
-35.6,6.46299995183945,4.10923108591726,8.81676881776164
-35.65,8.34899990409613,4.53104561969038,12.1669541885019
-35.7,6.30299998223782,4.10392995110893,8.5020700133667
-35.75,7.17625015228987,2.81702962314506,11.5354706814347
-35.8,6.50083337227503,4.09801228676145,8.90365445778862
-35.85,5.27149996161461,2.91425284476006,7.62874707846916
-35.9,6.75307686283038,3.78587883868321,9.72027488697755
-35.95,5.3154544478113,0.809813913004368,9.82109498261823
-36,7.74411764215021,5.08701817943223,10.4012171048682
-36.05,3.28863634710962,2.20107369878454,4.3761989954347
-36.1,5.05333326657613,3.33816537651953,6.76850115663273
-36.15,4.27187499031425,2.86889940439383,5.67485057623466
-36.2,5.76687504537404,3.26580202069658,8.26794807005149
-36.25,5.22800004084905,3.59113073018077,6.86486935151733
-36.3,4.93599996566772,1.71688249205266,8.15511743928279
-36.35,3.79384612120115,1.99224806819105,5.59544417421124
-36.4,5.86000000933806,2.59044389169827,9.12955612697785
-36.45,4.3429999820888,0.990693233356468,7.69530673082114
-36.5,3.36312502250075,1.8037618470123,4.92248819798921
-36.55,2.90928570713316,2.1192927582123,3.69927865605402
-36.6,4.46499999825444,1.58865849188733,7.34134150462154
-36.65,5.39400004148483,3.38821728661326,7.39978279635641
-36.7,4.92999989870522,2.34570119472075,7.51429860268968
-36.75,4.7261538207531,2.40100103283828,7.05130660866792
-36.8,7.53500010967255,5.41800796376357,9.65199225558152
-36.85,5.24208336571852,3.44215025870141,7.04201647273564
-36.9,3.99555555627578,2.4269253776167,5.56418573493486
-36.95,5.11750005441718,2.60027983119937,7.63472027763499
-37,5.74500007629395,3.07384241716438,8.41615773542351
-37.05,5.81375008821487,2.21576757224206,9.41173260418769
-37.1,3.97400000691414,1.28345751227468,6.6645425015536
-37.15,6.63363644751635,3.69204001258053,9.57523288245218
-37.2,10.6912499815226,2.82873240197821,18.5537675610669
-37.25,9.56142861715385,0.965183257888748,18.1576739764189
-37.3,5.32900003790856,2.59185850693232,8.06614156888479
-37.35,9.92111141524381,0.889410706610157,18.9528121238775
-37.4,13.3370001554489,6.93286286514495,19.7411374457529
-37.45,5.24111122555203,2.37754203004739,8.10468042105667
-37.5,7.46600012779236,1.62450079657508,13.3074994590096
-37.55,4.86333336432775,2.78241148227218,6.94425524638332
-37.6,6.54000000953674,4.06413122430247,9.01586879477102
-37.65,5.69916667540868,3.76325868843784,7.63507466237953
-37.7,6.15882354974747,3.37583819848146,8.94180890101347
-37.75,4.70076925020951,2.95107145955435,6.45046704086468
-37.8,10.1893750384916,5.77050498175844,14.6082450952247
-37.85,7.48529404577087,3.92135679603955,11.0492312955022
-37.9,6.8204167286555,4.0078071888436,9.6330262684674
-37.95,7.39650000035763,3.34273697473349,11.4502630259818
-38,5.82833331657781,2.92181177368848,8.73485485946713
-38.05,7.80639998197556,5.64500845612632,9.96779150782479
-38.1,4.70370369984044,3.2844129075992,6.12299449208168
-38.15,8.63727279820225,5.32927924323888,11.9452663531656
-38.2,3.04466662605604,1.56533943860264,4.52399381350943
-38.25,3.26941181653563,1.82367636064332,4.71514727242793
-38.3,3.7361538931011,2.24572719885582,5.22658058734638
-38.35,8.38500014096499,3.20937236630924,13.5606279156207
-38.4,5.67290326952934,2.65387815340778,8.69192838565091
-38.45,4.64972221354643,3.2090616840209,6.09038274307197
-38.5,8.86523797824269,4.6285550721418,13.1019208843436
-38.55,6.02400006771088,3.56975023113571,8.47824990428604
-38.6,10.0525000393391,2.28489588987828,17.8201041887999
-38.65,4.30823523682706,2.1969146733441,6.41955580031003
-38.7,5.18899997472763,2.20665472928564,8.17134522016962
-38.75,4.30947366513704,2.62964556829993,5.98930176197415
-38.8,5.51250008842908,2.13109274932507,8.89390742753309
-38.85,5.29823529282037,3.00182799337968,7.59464259226106
-38.9,2.77666670084,1.44380263390471,4.10953076777528
-38.95,2.26166662077109,0.681630955946346,3.84170228559583
-39,2.93800008296967,0.711053555674133,5.1649466102652
-39.05,2.46200006008148,1.41420814845031,3.50979197171266
-39.1,3.1625000089407,1.0460421465131,5.27895787136829
-39.15,3.40333334604899,1.44476022667797,5.36190646542001
-39.2,4.84000015258789,NA,NA
-39.25,NA,NA,NA
-39.3,NA,NA,NA
-39.35,NA,NA,NA
-39.4,9.29000020027161,2.02068977192211,16.5593106286211
-39.45,2.36999994516373,0.997999968528748,3.74199992179871
-39.5,NA,NA,NA
-39.55,6.42333328723907,-0.101478257965598,12.9481448324437
-39.6,3.85333333412806,1.95820715641113,5.74845951184499
-39.65,4.70200008153915,1.02729839775372,8.37670176532459
-39.7,1.72000000346452,0.516739837989772,2.92326016893927
-39.75,11.75,NA,NA
-39.8,11.75,NA,NA
-39.85,15.6366662979126,-1.94531007561151,33.2186426714367
-39.9,NA,NA,NA
-39.95,NA,NA,NA
-40,3.87599992752075,2.19539168066176,5.55660817437974
-40.05,2.4449999704957,-0.0369861730054022,4.9269861139968
-40.1,4.75750014185905,1.3196561655059,8.19534411821221
-40.15,6.84000015258789,NA,NA
-40.2,12.7525001764297,2.11170245976577,23.3932978930937
-40.25,NA,NA,NA
-40.3,NA,NA,NA
-40.35,NA,NA,NA
-40.4,NA,NA,NA
-40.45,NA,NA,NA
-40.5,NA,NA,NA
-40.55,NA,NA,NA
-40.6,NA,NA,NA
-40.65,NA,NA,NA
-40.7,NA,NA,NA
-40.75,NA,NA,NA
-40.8,NA,NA,NA
-40.85,NA,NA,NA
-40.9,NA,NA,NA
-40.95,NA,NA,NA
-41,NA,NA,NA
-41.05,NA,NA,NA
-41.1,NA,NA,NA
-41.15,NA,NA,NA
-41.2,NA,NA,NA
-41.25,NA,NA,NA
-41.3,NA,NA,NA
-41.35,NA,NA,NA
-41.4,NA,NA,NA
-41.45,NA,NA,NA
-41.5,NA,NA,NA
-41.55,NA,NA,NA
-41.6,NA,NA,NA
-41.65,NA,NA,NA
-41.7,NA,NA,NA
-41.75,NA,NA,NA
-41.8,NA,NA,NA
-41.85,NA,NA,NA
-41.9,NA,NA,NA
-41.95,NA,NA,NA
-42,NA,NA,NA
-42.05,NA,NA,NA
-42.1,NA,NA,NA
-42.15,NA,NA,NA
-42.2,NA,NA,NA
-42.25,NA,NA,NA
-42.3,NA,NA,NA
-42.35,NA,NA,NA
-42.4,NA,NA,NA
-42.45,NA,NA,NA
-42.5,NA,NA,NA
-42.55,NA,NA,NA
-42.6,NA,NA,NA
-42.65,NA,NA,NA
-42.7,NA,NA,NA
-42.75,NA,NA,NA
-42.8,NA,NA,NA
-42.85,NA,NA,NA
-42.9,NA,NA,NA
-42.95,NA,NA,NA
